<?xml version="1.0"?>
<!--
/**
 * Copyright © 2017 x-mage2(Yosto). All rights reserved.
 * See README.md for details.
 */
-->
<config xmlns:xsi="http://www.w3.org/2001/XMLSchema-instance" xsi:noNamespaceSchemaLocation="urn:magento:framework:ObjectManager/etc/config.xsd">
    <type name="Magento\Checkout\Model\CompositeConfigProvider">
        <arguments>
            <argument name="configProviders" xsi:type="array">
                <item name="storepickup_config_provider" xsi:type="object">Yosto\Storepickup\Model\StorepickupConfigProvider</item>
            </argument>
        </arguments>
    </type>
</config>