<?xml version="1.0"?>
<!--
/**
 * Copyright © 2018 x-mage2(Yosto). All rights reserved.
 * See README.md for details.
 */
-->
<config xmlns:xsi="http://www.w3.org/2001/XMLSchema-instance" xsi:noNamespaceSchemaLocation="urn:magento:framework:ObjectManager/etc/config.xsd">
    <!--<type name="Magento\Checkout\Model\CompositeConfigProvider">
        <arguments>
            <argument name="configProviders" xsi:type="array">
                <item name="yosto_opc_link_product_config_provider" xsi:type="object">Yosto\OpcLinkedProduct\Model\OpcLinkedProductConfigProvider</item>
            </argument>
        </arguments>
    </type>-->

</config>