<?xml version="1.0"?>
<!--
/**
 * Copyright © 2018 x-mage2(Yosto). All rights reserved.
 * See README.md for details.
 */
-->
<config xmlns:xsi="http://www.w3.org/2001/XMLSchema-instance" xsi:noNamespaceSchemaLocation="urn:magento:framework:ObjectManager/etc/config.xsd">
    <virtualType name="Magento\Sales\Model\ResourceModel\Order\Grid" type="Magento\Sales\Model\ResourceModel\Grid">
        <arguments>
            <argument name="columns" xsi:type="array">
                <item name="yosto_order_attachment" xsi:type="string">sales_order.yosto_order_attachment</item>
            </argument>
        </arguments>
    </virtualType>
</config>