<?xml version="1.0"?>
<!--
/**
 * Copyright © 2017 x-mage2(Yosto). All rights reserved.
 * See README.md for details.
 */
-->
<config xmlns:xsi="http://www.w3.org/2001/XMLSchema-instance"
        xsi:noNamespaceSchemaLocation="urn:magento:framework:ObjectManager/etc/config.xsd">
    <!-- For Data Table -->
    <virtualType name="AddressAttributeGridFilterPool"
                 type="Magento\Framework\View\Element\UiComponent\DataProvider\FilterPool">
        <arguments>
            <argument name="appliers" xsi:type="array">
                <item name="regular" xsi:type="object">Magento\Framework\View\Element\UiComponent\DataProvider\RegularFilter</item>
                <item name="fulltext" xsi:type="object">Magento\Framework\View\Element\UiComponent\DataProvider\FulltextFilter</item>
            </argument>
        </arguments>
    </virtualType>
    <virtualType name="AddressAttributeGridDataProvider"
                 type="Magento\Framework\View\Element\UiComponent\DataProvider\DataProvider">
        <arguments>
            <argument name="collection" xsi:type="object" shared="false">Yosto\FieldManager\Model\ResourceModel\EavAttribute\Collection</argument>
            <argument name="filterPool" xsi:type="object" shared="false">AddressAttributeGridFilterPool</argument>
        </arguments>
    </virtualType>
    <virtualType name="Collection" type="Yosto\FieldManager\Model\ResourceModel\EavAttribute\Grid\Collection">
        <arguments>
            <argument name="mainTable" xsi:type="string">eav_attribute</argument>
            <argument name="resourceModel" xsi:type="string">Yosto\FieldManager\Model\ResourceModel\EavAttribute</argument>
        </arguments>
    </virtualType>
    <type name="Magento\Framework\View\Element\UiComponent\DataProvider\CollectionFactory">
        <arguments>
            <argument name="collections" xsi:type="array">
                <item name="address_attribute_data_source" xsi:type="string">Collection</item>
            </argument>
        </arguments>
    </type>
</config>