<?xml version="1.0"?>
<!--
/**
 * Copyright © 2017 x-mage2(Yosto). All rights reserved.
 * See README.md for details.
 */
-->
<config xmlns:xsi="http://www.w3.org/2001/XMLSchema-instance"
        xsi:noNamespaceSchemaLocation="urn:magento:framework:ObjectManager/etc/config.xsd">
    <type name="Magento\Checkout\Model\ShippingInformationManagement">
        <plugin name="yosto_save_delivery_date_in_quote"
                type="Yosto\DeliveryDate\Plugin\Checkout\Model\ShippingInformationManagement" sortOrder="1"/>
    </type>
    <virtualType name="Magento\Sales\Model\ResourceModel\Order\Grid" type="Magento\Sales\Model\ResourceModel\Grid">
        <arguments>
            <argument name="columns" xsi:type="array">
                <item name="delivery_date" xsi:type="string">sales_order.delivery_date</item>
            </argument>
        </arguments>
    </virtualType>

    <!--<virtualType name="ShipmentGridAggregator" type="Magento\Sales\Model\ResourceModel\Grid">-->
        <!--<arguments>-->
            <!--<argument name="columns" xsi:type="array">-->
                <!--<item name="order_shipment_delivery_date" xsi:type="string">sales_order.delivery_date</item>-->
            <!--</argument>-->
        <!--</arguments>-->
    <!--</virtualType>-->

    <!-- Open if want to add delivery date to email and pdf -->
    <!--
    <preference for="Magento\Sales\Model\Order\Pdf\Invoice" type="Yosto\DeliveryDate\Plugin\Order\InvoicePdfOverride" />
    <preference for="Magento\Sales\Model\Order\Pdf\Shipment" type="Yosto\DeliveryDate\Plugin\Order\ShipmentPdfOverride" />
    <preference for="Magento\Sales\Model\Order\Email\Container\InvoiceIdentity" type="Yosto\DeliveryDate\Plugin\Order\Email\InvoiceIdentityOverride" />
    <preference for="Magento\Sales\Model\Order\Email\Container\ShipmentIdentity" type="Yosto\DeliveryDate\Plugin\Order\Email\ShipmentIdentityOverride" />
    <preference for="Magento\Sales\Model\Order\Email\Container\OrderIdentity" type="Yosto\DeliveryDate\Plugin\Order\Email\OrderIdentityOverride" />
    -->
</config>