<?xml version="1.0"?>
<!--
/**
 * Copyright © 2017 x-mage2(Yosto). All rights reserved.
 * See README.md for details.
 */
-->
<config xmlns:xsi="http://www.w3.org/2001/XMLSchema-instance"
        xsi:noNamespaceSchemaLocation="urn:magento:framework:Acl/etc/acl.xsd">
    <acl>
        <resources>
            <resource id="Magento_Backend::admin">
                <resource id="Yosto_Opc::opc_menu" title="OPC Suite"
                          sortOrder="100">
                    <resource id="Yosto_Opc::field_manager" title="Field Manager" sortOrder="10"/>
                    <resource id="Yosto_Opc::storepickup" title="Store Pickup" sortOrder="20"/>
                    <resource id="Yosto_Opc::geoip" title="GeoIp" sortOrder="30" />
                    <resource id="Yosto_Opc::address_autocomplete" title="Address Autocomplete" sortOrder="40" />
                    <resource id="Yosto_Opc::checkout_success" title="Checkout Success Page" sortOrder="50" />
                </resource>
                <resource id="Magento_Backend::stores">
                    <resource id="Magento_Backend::stores_settings">
                        <resource id="Magento_Config::config">
                            <resource id="Yosto_Opc::config_opc" title="One Page Checkout" sortOrder="635"/>
                        </resource>
                    </resource>
                </resource>
            </resource>
        </resources>
    </acl>
</config>
