<?xml version="1.0" encoding="UTF-8"?>
<!--
/**
 * Copyright © 2018 x-mage2(Yosto). All rights reserved.
 * See README.md for details.
 */
-->
<config xmlns:xsi="http://www.w3.org/2001/XMLSchema-instance" xsi:noNamespaceSchemaLocation="urn:magento:module:Magento_Sales:etc/sales.xsd">
    <section name="quote">
        <group name="totals">
            <item name="giftwrap" instance="Yosto\Opc\Model\Total\Quote\GiftWrap" sort_order="600"/>
        </group>
    </section>
    <section name="order_invoice">
        <group name="totals">
            <item name="giftwrap" instance="Yosto\Opc\Model\Total\Order\Invoice\GiftWrap"
                  sort_order="360"/>
        </group>
    </section>
    <section name="order_creditmemo">
        <group name="totals">
            <item name="giftwrap" instance="Yosto\Opc\Model\Total\Order\Creditmemo\GiftWrap"
                  sort_order="360"/>
        </group>
    </section>
</config>
