<?xml version="1.0"?>
<!--
/**
 * Copyright © 2017 x-mage2(Yosto). All rights reserved.
 * See README.md for details.
 */
-->

<config xmlns:xsi="http://www.w3.org/2001/XMLSchema-instance" xsi:noNamespaceSchemaLocation="urn:magento:module:Magento_Config:etc/system_file.xsd">
    <system>
        <section id="yosto_opc_success_page" translate="label" type="text" sortOrder="30" showInDefault="1" showInWebsite="1" showInStore="1">
            <class>separator-top</class>
            <label>Success Page</label>
            <tab>yosto_opc_suite</tab>
            <resource>Yosto_Opc::config_opc</resource>
            <group id="general" translate="label" type="text" sortOrder="10" showInDefault="1" showInWebsite="1" showInStore="1">
                <label>General</label>
                <field id="enabled" translate="label" type="select" sortOrder="10" showInDefault="1" showInWebsite="1" showInStore="1">
                    <label>Enabled</label>
                    <source_model>Magento\Config\Model\Config\Source\Yesno</source_model>
                </field>
                <field id="detailed_info" translate="label" type="select" sortOrder="20" showInDefault="1" showInWebsite="1" showInStore="1">
                    <label>Show Detailed Information</label>
                    <source_model>Magento\Config\Model\Config\Source\Yesno</source_model>
                </field>
            </group>
        </section>
    </system>
</config>
