<?xml version="1.0"?>
<!--
/**
 * Copyright © 2017 x-mage2(Yosto). All rights reserved.
 * See README.md for details.
 */
-->
<config xmlns:xsi="http://www.w3.org/2001/XMLSchema-instance" xsi:noNamespaceSchemaLocation="urn:magento:framework:ObjectManager/etc/config.xsd">
    <type name="Magento\Checkout\Model\ShippingInformationManagement">
        <plugin name="yosto_save_pickup_info_in_quote" type="Yosto\Storepickup\Plugin\Checkout\Model\ShippingInformationManagement" sortOrder="1"/>
    </type>
    <virtualType name="Magento\Sales\Model\ResourceModel\Order\Grid" type="Magento\Sales\Model\ResourceModel\Grid">
        <arguments>
            <argument name="columns" xsi:type="array">
                <item name="location_id" xsi:type="string">sales_order.location_id</item>
                <item name="pickup_date" xsi:type="string">sales_order.pickup_date</item>
            </argument>
        </arguments>
    </virtualType>
    <virtualType name="StorepickupGirdFilterPool" type="Magento\Framework\View\Element\UiComponent\DataProvider\FilterPool">
        <arguments>
            <argument name="appliers" xsi:type="array">
                <item name="regular" xsi:type="object">Magento\Framework\View\Element\UiComponent\DataProvider\RegularFilter</item>
                <item name="fulltext" xsi:type="object">Magento\Framework\View\Element\UiComponent\DataProvider\FulltextFilter</item>
            </argument>
        </arguments>
    </virtualType>
    <virtualType name="StorepickupLocationGridDataProvider" type="Magento\Framework\View\Element\UiComponent\DataProvider\DataProvider">
        <arguments>
            <argument name="collection" xsi:type="object" shared="false">Yosto\Storepickup\Model\ResourceModel\Location\Collection</argument>
            <argument name="filterPool" xsi:type="object" shared="false">StorepickupGirdFilterPool</argument>
        </arguments>
    </virtualType>
    <type name="Yosto\Storepickup\Model\ResourceModel\Location\Grid\Collection">
        <arguments>
            <argument name="mainTable" xsi:type="string">yosto_storepickup_location</argument>
            <argument name="eventPrefix" xsi:type="string">yosto_storepickup_location_grid_collection</argument>
            <argument name="eventObject" xsi:type="string">location_grid_collection</argument>
            <argument name="resourceModel" xsi:type="string">Yosto\Storepickup\Model\ResourceModel\Location</argument>
        </arguments>
    </type>
    <type name="Magento\Framework\View\Element\UiComponent\DataProvider\CollectionFactory">
        <arguments>
            <argument name="collections" xsi:type="array">
                <item name="storepickup_location_listing_data_source" xsi:type="string">Yosto\Storepickup\Model\ResourceModel\Location\Grid\Collection</item>
            </argument>
        </arguments>
    </type>
</config>